	GAME_ID	MATCHUP	WL	LEFT_ELO	RIGHT_ELO
2459	0021800002	GSW vs. OKC	W	2000	2000
2458	0021800001	BOS vs. PHI	W	2000	2000
2455	0021800005	IND vs. MEM	W	2000	2000
2454	0021800003	MIL @ CHA	W	2000	2000
2453	0021800012	LAC vs. DEN	L	2000	2000
2452	0021800007	ATL @ NYK	L	2000	2000
2451	0021800008	TOR vs. CLE	W	2000	2000
2449	0021800006	ORL vs. MIA	W	2000	2000
2447	0021800011	SAC vs. UTA	L	2000	2000
2445	0021800010	MIN @ SAS	L	2000	2000
2444	0021800009	NOP @ HOU	W	2000	2000
2443	0021800013	PHX vs. DAL	W	2000	2000
2441	0021800004	BKN @ DET	L	2000	2000
2433	0021800016	POR vs. LAL	W	2000	2000
2431	0021800014	CHI @ PHI	L	2000	1975
2430	0021800015	WAS vs. MIA	L	2000	1975
2427	0021800018	BKN vs. NYK	W	1975	2025
2426	0021800022	NOP vs. SAC	W	2025	1975
2425	0021800020	MEM vs. ATL	W	1975	1975
2424	0021800023	MIL vs. IND	W	2025	2025
2423	0021800017	ORL vs. CHA	L	2025	1975
2422	0021800019	TOR vs. BOS	W	2025	2025
2421	0021800021	MIN vs. CLE	W	1975	1975
2417	0021800025	LAC vs. OKC	W	1975	1975
2413	0021800024	UTA vs. GSW	L	2025	2025
2409	0021800030	MIA vs. CHA	L	2000	2000
2408	0021800035	HOU @ LAL	W	1975	1975
2407	0021800032	MIN @ DAL	L	2000	1975
2406	0021800026	BKN @ IND	L	2000	2000
2405	0021800029	PHI vs. ORL	W	2000	2000
2404	0021800033	PHX @ DEN	L	2025	2025
2402	0021800031	CHI vs. DET	L	1975	2025
2401	0021800034	SAS @ POR	L	2025	2025
2400	0021800028	BOS @ NYK	W	2000	2000
2395	0021800027	WAS vs. TOR	L	1975	2050
2389	0021800039	HOU @ LAC	L	2000	2000
2388	0021800037	SAC @ OKC	W	1950	1950
2387	0021800036	ATL @ CLE	W	1950	1950
2386	0021800038	DEN vs. GSW	W	2050	2050
2381	0021800047	PHX @ GSW	L	2000	2025
2380	0021800046	POR vs. WAS	L	2050	1950
2379	0021800043	IND @ MIN	L	2025	1975
2378	0021800045	UTA vs. MEM	L	2000	2000
2377	0021800041	TOR vs. CHA	W	2075	2025
2375	0021800040	BOS vs. ORL	L	2025	1975
2374	0021800048	LAL vs. SAS	L	1950	2000
2372	0021800044	DAL vs. CHI	W	2000	1950
2371	0021800042	MIL vs. NYK	W	2050	1975
2363	0021800049	PHI @ DET	L	2025	2050
2361	0021800050	LAC @ NOP	L	2025	2050
2360	0021800051	DEN vs. SAC	W	2075	1975
2357	0021800056	CHI vs. CHA	W	1925	2000
2356	0021800058	SAS vs. IND	L	2025	2000
2355	0021800060	PHX vs. LAL	L	1975	1925
2354	0021800057	HOU vs. UTA	L	1975	1975
2353	0021800053	CLE vs. BKN	L	1925	1975
2352	0021800059	MIL vs. PHI	W	2075	2000
2350	0021800054	MIA vs. NYK	W	1975	1950
2349	0021800062	GSW vs. WAS	W	2050	1975
2348	0021800055	TOR vs. MIN	W	2100	2000
2347	0021800061	MEM @ SAC	L	2025	1950
2346	0021800052	ATL vs. DAL	W	1975	2025
2335	0021800064	ORL vs. POR	L	2000	2025
2334	0021800065	BOS @ OKC	W	2000	1925
2333	0021800066	LAL vs. DEN	W	1950	2100
2331	0021800063	CLE @ DET	L	1900	2075
2327	0021800069	DAL @ TOR	L	2000	2125
2326	0021800070	LAC @ HOU	W	2000	1950
2325	0021800067	CHI @ CHA	L	1950	1975
2324	0021800072	BKN @ NOP	L	2000	2075
2322	0021800068	GSW @ NYK	W	2075	1925
2321	0021800073	WAS @ SAC	L	1950	1975
2320	0021800071	MIL @ MIN	W	2100	1975
2313	0021800074	DET vs. BOS	L	2100	2025
2312	0021800081	ORL @ MIL	L	1975	2125
2311	0021800080	PHX @ MEM	L	1950	2000
2310	0021800075	NOP vs. UTA	L	2100	2000
2308	0021800076	CHI @ ATL	W	1925	2000
2307	0021800078	CHA @ PHI	L	2000	1975
2305	0021800082	SAS vs. LAL	W	2000	1975
2302	0021800077	IND @ CLE	W	2025	1875
2300	0021800079	POR @ MIA	L	2050	2000
2295	0021800085	OKC vs. PHX	W	1900	1925
2294	0021800083	BKN vs. GSW	L	1975	2100
2292	0021800084	DAL vs. UTA	L	1975	2025
2291	0021800086	WAS @ LAC	L	1925	2025
2287	0021800093	LAL @ MIN	L	1950	1950
2286	0021800094	DAL @ SAS	L	1950	2025
2285	0021800090	NYK vs. BKN	W	1900	1950
2284	0021800087	POR @ IND	W	2025	2050
2282	0021800089	MIA vs. SAC	L	2025	2000
2281	0021800095	NOP @ DEN	L	2075	2075
2278	0021800092	MIL vs. TOR	W	2150	2150
2275	0021800091	GSW @ CHI	W	2125	1950
2274	0021800088	PHI vs. ATL	W	2000	1975
2269	0021800102	WAS @ MEM	L	1900	2025
2268	0021800098	SAC @ ORL	W	2025	1950
2267	0021800096	CHA vs. MIA	W	1975	2000
2265	0021800101	HOU vs. POR	L	1925	2050
2264	0021800103	LAC @ OKC	L	2050	1925
2262	0021800100	TOR vs. PHI	W	2125	2025
2261	0021800099	BOS vs. DET	W	2050	2075
2260	0021800097	CLE vs. ATL	W	1850	1950
2253	0021800109	DAL @ LAL	L	1925	1925
2252	0021800108	NOP @ GSW	L	2050	2150
2250	0021800106	CHI vs. DEN	L	1925	2100
2248	0021800105	NYK vs. IND	L	1925	2025
2247	0021800110	SAS @ PHX	W	2050	1900
2246	0021800107	UTA @ MIN	L	2050	1975
2243	0021800104	DET @ BKN	L	2050	1925
2239	0021800116	POR vs. NOP	W	2075	2025
2238	0021800115	MIL @ BOS	L	2175	2075
2237	0021800113	PHI vs. LAC	W	2000	2025
2236	0021800114	ATL vs. SAC	L	1925	2050
2235	0021800111	CHA vs. OKC	L	2000	1950
2232	0021800112	CLE vs. DEN	L	1875	2125
2227	0021800120	CHI vs. IND	L	1900	2050
2226	0021800118	HOU @ BKN	W	1900	1950
2225	0021800117	ORL vs. LAC	L	1925	2000
2223	0021800122	MEM @ UTA	W	2050	2025
2221	0021800119	WAS vs. OKC	L	1875	1975
2220	0021800124	MIN @ GSW	L	2000	2175
2216	0021800123	TOR @ PHX	W	2150	1875
2214	0021800121	NYK @ DAL	W	1900	1900
2211	0021800128	MIA @ ATL	L	1975	1900
2210	0021800132	POR vs. LAL	L	2100	1950
2209	0021800127	IND vs. BOS	W	2075	2100
2207	0021800131	UTA @ DEN	L	2000	2150
2205	0021800125	DET @ PHI	L	2025	2025
2203	0021800129	CHI vs. HOU	L	1875	1925
2200	0021800130	NOP @ SAS	L	2000	2075
2198	0021800126	CHA vs. CLE	W	1975	1850
2195	0021800135	WAS vs. NYK	W	1850	1925
2194	0021800133	MIL vs. SAC	W	2150	2075
2193	0021800134	BKN vs. PHI	W	1925	2050
2192	0021800136	PHX vs. MEM	W	1850	2075
2191	0021800138	POR vs. MIN	W	2075	1975
2190	0021800139	LAL vs. TOR	L	1975	2175
2187	0021800137	ORL @ SAS	W	1900	2100
2181	0021800141	IND vs. HOU	L	2100	1950
2180	0021800148	LAC vs. MIN	W	2025	1950
2178	0021800145	DEN vs. BOS	W	2175	2075
2177	0021800142	CLE @ ORL	L	1825	1925
2175	0021800147	GSW vs. MEM	W	2200	2050
2173	0021800140	MIA @ DET	W	1950	2000
2172	0021800146	UTA vs. TOR	L	1975	2200
2171	0021800144	OKC vs. NOP	W	2000	1975
2170	0021800143	CHI @ NYK	W	1850	1900
2163	0021800152	POR vs. MIL	W	2100	2175
2162	0021800150	DAL vs. WAS	W	1875	1875
2161	0021800151	BKN @ PHX	W	1950	1875
2159	0021800149	CHA vs. ATL	W	2000	1925
2155	0021800160	UTA vs. DAL	W	1950	1900
2154	0021800153	OKC @ CLE	W	2025	1800
2153	0021800162	MIN @ LAL	L	1925	1950
2152	0021800158	DEN @ MEM	L	2200	2025
2151	0021800161	SAC vs. TOR	L	2050	2225
2150	0021800156	SAS @ MIA	L	2075	1975
2149	0021800154	ORL vs. DET	L	1950	1975
2148	0021800159	CHI @ NOP	L	1875	1950
2144	0021800157	IND vs. PHI	L	2075	2025
2143	0021800155	ATL vs. NYK	L	1900	1875
2135	0021800163	OKC vs. HOU	W	2050	1975
2134	0021800165	POR vs. LAC	W	2125	2050
2132	0021800164	BOS @ PHX	W	2050	1850
2130	0021800166	MIL @ GSW	W	2150	2225
2127	0021800171	DEN vs. BKN	L	2175	1975
2126	0021800169	DET @ ATL	W	2000	1875
2125	0021800168	CHA @ PHI	L	2025	2050
2122	0021800173	MIN @ SAC	L	1900	2025
2121	0021800172	BOS @ UTA	L	2075	1975
2120	0021800170	IND @ MIA	W	2050	2000
2119	0021800167	ORL vs. WAS	W	1925	1850
2113	0021800178	CHI vs. CLE	W	1850	1775
2112	0021800182	GSW vs. BKN	W	2200	2000
2111	0021800175	LAC vs. MIL	W	2025	2175
2109	0021800174	TOR vs. NYK	W	2250	1900
2107	0021800183	SAC vs. LAL	L	2050	1975
2105	0021800177	WAS @ MIA	W	1825	1975
2103	0021800181	DAL vs. OKC	W	1875	2075
2102	0021800179	PHI @ MEM	L	2075	2050
2098	0021800176	NOP vs. PHX	W	1975	1825
2096	0021800180	HOU @ SAS	L	1950	2050
2093	0021800186	NYK vs. ORL	L	1875	1950
2092	0021800185	IND @ HOU	L	2075	1925
2091	0021800184	DET vs. CHA	L	2025	2000
2090	0021800189	LAL vs. ATL	W	2000	1850
2087	0021800187	DEN vs. MIL	L	2150	2150
2083	0021800188	BOS @ POR	L	2050	2150
2081	0021800190	ORL @ WAS	L	1975	1850
2080	0021800193	DAL @ CHI	W	1900	1875
2079	0021800196	PHX @ OKC	L	1800	2050
2078	0021800191	PHI @ MIA	W	2050	1950
2077	0021800194	MEM vs. UTA	L	2075	2000
2076	0021800192	NOP @ TOR	W	2000	2275
2073	0021800197	SAC vs. SAS	W	2025	2075
2070	0021800195	BKN @ MIN	L	1975	1875
2068	0021800198	LAC vs. GSW	W	2050	2225
2063	0021800200	HOU @ DEN	W	1950	2125
2062	0021800199	CLE vs. CHA	W	1750	2025
2060	0021800201	GSW vs. ATL	W	2200	1825
2057	0021800204	CHI @ BOS	L	1850	2025
2056	0021800205	BKN vs. MIA	L	1950	1925
2055	0021800208	NOP @ MIN	L	2025	1900
2054	0021800203	WAS vs. CLE	W	1875	1775
2053	0021800207	MIL vs. MEM	L	2175	2050
2052	0021800206	TOR vs. DET	L	2250	2000
2051	0021800212	POR @ LAL	L	2175	2025
2050	0021800202	PHI @ ORL	L	2075	1950
2048	0021800209	NYK @ OKC	L	1850	2075
2044	0021800211	SAS @ PHX	L	2050	1775
2042	0021800210	UTA @ DAL	L	2025	1925
2035	0021800213	HOU vs. GSW	W	1975	2225
2034	0021800214	ATL @ DEN	L	1800	2100
2031	0021800215	SAS @ LAC	L	2025	2075
2029	0021800217	IND vs. MIA	W	2050	1950
2028	0021800219	WAS vs. BKN	L	1900	1925
2027	0021800216	TOR @ BOS	L	2225	2050
2026	0021800220	SAC @ MEM	L	2050	2075
2025	0021800221	POR @ MIN	L	2150	1925
2022	0021800223	MIL vs. CHI	W	2150	1825
2021	0021800222	NOP vs. NYK	W	2000	1825
2020	0021800218	PHI vs. UTA	W	2050	2000
2013	0021800224	BKN vs. LAC	L	1950	2100
2012	0021800227	LAL @ ORL	L	2050	1975
2011	0021800225	PHI @ CHA	W	2075	2000
2010	0021800231	HOU vs. SAC	W	2000	2025
2009	0021800229	BOS vs. UTA	L	2075	1975
2008	0021800230	CHI vs. TOR	L	1800	2200
2004	0021800232	GSW @ DAL	L	2200	1950
2003	0021800226	ATL @ IND	L	1775	2075
2002	0021800228	NOP vs. DEN	W	2025	2125
2001	0021800233	OKC @ PHX	W	2100	1800
1993	0021800234	MIN vs. MEM	L	1950	2100
1992	0021800237	POR @ WAS	W	2125	1875
1990	0021800235	MIA vs. LAL	L	1925	2025
1988	0021800236	ORL vs. NYK	W	2000	1800
1987	0021800238	GSW @ SAS	L	2175	2000
1983	0021800241	IND vs. UTA	W	2100	2000
1982	0021800244	DAL @ MEM	L	1975	2125
1981	0021800239	CHA vs. BOS	W	1975	2050
1980	0021800246	SAS @ NOP	L	2025	2050
1979	0021800245	DEN @ MIL	L	2100	2175
1978	0021800240	DET vs. CLE	W	2025	1750
1976	0021800247	SAC vs. OKC	W	2000	2125
1974	0021800243	LAC @ ATL	W	2125	1750
1972	0021800242	PHX @ PHI	L	1775	2100
1965	0021800251	POR @ NYK	W	2150	1775
1963	0021800250	BKN @ MIA	W	1925	1900
1961	0021800249	WAS vs. LAC	W	1850	2150
1959	0021800248	ORL vs. TOR	L	2025	2225
1957	0021800256	CLE vs. LAL	L	1725	2050
1956	0021800253	PHI vs. NOP	W	2125	2075
1954	0021800261	DAL vs. BKN	W	1950	1950
1953	0021800263	SAC @ UTA	W	2025	1975
1952	0021800252	CHA vs. IND	W	2000	2125
1951	0021800259	POR @ MIL	L	2175	2200
1949	0021800257	CHI vs. PHX	W	1775	1750
1948	0021800258	DET @ HOU	L	2050	2025
1947	0021800264	GSW vs. OKC	L	2150	2100
1945	0021800255	BOS vs. NYK	L	2025	1750
1944	0021800254	ATL vs. TOR	L	1725	2250
1943	0021800262	MEM @ SAS	W	2150	2000
1941	0021800260	MIN vs. DEN	L	1925	2075
1931	0021800277	POR @ GSW	L	2150	2125
1930	0021800275	MIL vs. PHX	L	2225	1725
1929	0021800265	BKN vs. MIN	L	1925	1900
1928	0021800274	OKC vs. CHA	W	2125	2025
1926	0021800273	CHI vs. MIA	L	1800	1875
1925	0021800268	ATL vs. BOS	L	1700	2000
1924	0021800278	UTA @ LAL	L	1950	2075
1923	0021800270	CLE @ PHI	W	1700	2150
1922	0021800272	IND vs. SAS	L	2100	1975
1921	0021800271	TOR vs. WAS	W	2275	1875
1920	0021800267	HOU @ DET	L	2050	2025
1919	0021800269	NOP @ NYK	L	2050	1775
1917	0021800276	DEN vs. ORL	W	2100	2000
1916	0021800266	MEM @ LAC	L	2175	2125
1903	0021800281	MIN vs. CHI	W	1925	1775
1902	0021800282	OKC vs. DEN	L	2150	2125
1901	0021800280	WAS vs. NOP	W	1850	2025
1900	0021800283	DAL vs. BOS	W	1975	2025
1899	0021800284	MIL vs. SAS	W	2200	2000
1897	0021800285	SAC @ GSW	L	2050	2150
1895	0021800279	CLE vs. HOU	W	1725	2025
1889	0021800288	ATL vs. CHA	W	1675	2000
1888	0021800291	NYK @ MEM	W	1800	2150
1887	0021800287	DET vs. PHX	W	2050	1750
1886	0021800293	POR vs. LAC	L	2125	2150
1885	0021800289	PHI @ BKN	W	2125	1900
1880	0021800292	SAC vs. UTA	L	2025	1925
1879	0021800290	TOR vs. MIA	W	2300	1900
1876	0021800286	ORL @ LAL	W	1975	2100
1873	0021800294	CHA vs. MIL	W	1975	2225
1872	0021800296	HOU @ WAS	L	2000	1875
1871	0021800299	IND @ UTA	W	2075	1950
1870	0021800298	NOP vs. BOS	L	2000	2000
1868	0021800300	GSW vs. ORL	W	2175	2000
1865	0021800295	MIN @ CLE	W	1950	1750
1861	0021800297	CHI vs. SAS	L	1750	1975
1859	0021800301	NYK @ DET	L	1825	2075
1858	0021800303	MEM vs. TOR	L	2125	2325
1857	0021800304	LAL @ DEN	L	2075	2150
1855	0021800302	ATL @ MIA	W	1700	1875
1854	0021800305	IND @ PHX	W	2100	1725
1849	0021800308	UTA @ BKN	W	1925	1875
1848	0021800306	CHA vs. ATL	W	2000	1725
1847	0021800314	ORL @ POR	L	1975	2100
1845	0021800315	LAC vs. PHX	W	2175	1700
1844	0021800311	SAS @ MIN	L	2000	1975
1842	0021800310	CHI @ MIL	L	1725	2200
1840	0021800307	PHI vs. NYK	W	2150	1800
1839	0021800312	WAS @ NOP	L	1900	1975
1838	0021800309	DAL @ HOU	W	2000	1975
1837	0021800313	CLE @ OKC	L	1725	2125
1829	0021800318	LAC @ SAC	W	2200	2000
1828	0021800316	TOR vs. GSW	W	2350	2200
1825	0021800317	LAL vs. IND	W	2050	2125
1823	0021800319	BOS vs. CLE	W	2025	1700
1822	0021800324	NOP @ MIA	L	2000	1850
1821	0021800327	ORL @ PHX	W	1950	1675
1819	0021800325	OKC vs. ATL	W	2150	1700
1818	0021800326	SAS vs. HOU	L	1975	1950
1817	0021800329	POR vs. DEN	L	2125	2175
1816	0021800320	CHA vs. UTA	L	2025	1950
1815	0021800328	LAL vs. DAL	W	2075	2025
1814	0021800321	CHI @ DET	L	1700	2100
1813	0021800323	MEM @ BKN	W	2100	1850
1806	0021800322	WAS @ PHI	L	1875	2175
1801	0021800333	WAS vs. BKN	W	1850	1825
1800	0021800330	NYK vs. MIL	W	1775	2225
1799	0021800335	BOS @ MIN	W	2050	2000
1798	0021800334	HOU vs. CHI	W	1975	1675
1797	0021800332	CLE vs. TOR	L	1675	2375
1796	0021800331	DET vs. GSW	W	2125	2175
1791	0021800336	SAC vs. IND	W	1975	2100
1787	0021800338	NOP @ CHA	W	1975	2000
1786	0021800341	LAC @ DAL	L	2225	2000
1785	0021800339	UTA @ MIA	L	1975	1875
1784	0021800342	SAS vs. POR	W	1950	2100
1783	0021800340	MEM @ PHI	L	2125	2200
1782	0021800337	LAL vs. PHX	W	2100	1650
1775	0021800344	GSW @ ATL	W	2150	1675
1774	0021800346	NYK vs. WAS	L	1800	1875
1773	0021800348	MIN vs. HOU	W	1975	2000
1772	0021800347	TOR vs. DEN	L	2400	2200
1771	0021800343	OKC @ DET	W	2175	2150
1767	0021800345	BKN vs. CLE	L	1800	1650
1764	0021800349	LAC @ NOP	W	2200	2000
1761	0021800350	CHI @ IND	L	1650	2075
1760	0021800354	UTA vs. SAS	W	1950	1975
1759	0021800353	PHX vs. SAC	L	1625	2000
1757	0021800352	POR @ DAL	L	2075	2025
1755	0021800351	ORL @ MIA	W	1975	1900
1751	0021800362	CHA @ MIN	L	1975	2000
1750	0021800358	OKC @ BKN	W	2200	1775
1749	0021800364	LAL vs. SAS	W	2125	1950
1748	0021800359	PHI @ TOR	L	2225	2375
1747	0021800357	ATL vs. WAS	L	1650	1900
1746	0021800361	MIL vs. DET	W	2200	2125
1745	0021800363	DAL @ NOP	L	2050	1975
1743	0021800360	MEM vs. LAC	W	2100	2225
1741	0021800356	ORL vs. DEN	L	2000	2225
1740	0021800355	GSW @ CLE	W	2175	1675
1731	0021800366	PHX @ POR	L	1600	2050
1730	0021800367	UTA vs. HOU	W	1975	1975
1728	0021800365	BOS vs. NYK	W	2075	1775
1725	0021800375	LAL @ SAS	L	2150	1925
1724	0021800373	CHI vs. OKC	W	1625	2225
1723	0021800369	PHI @ DET	W	2200	2100
1722	0021800377	MIL vs. GSW	L	2225	2200
1720	0021800374	MEM @ NOP	W	2125	2000
1719	0021800376	PHX vs. MIA	L	1575	1875
1715	0021800371	BKN vs. TOR	W	1750	2400
1713	0021800368	DEN @ CHA	L	2250	1950
1712	0021800372	SAC @ CLE	W	2025	1650
1710	0021800370	IND @ ORL	W	2100	1975
1705	0021800382	NYK vs. BKN	L	1750	1775
1704	0021800380	ATL vs. DEN	W	1625	2225
1703	0021800384	LAL @ MEM	W	2125	2150
1702	0021800383	BOS @ CHI	W	2100	1650
1701	0021800378	DAL vs. HOU	W	2025	1950
1700	0021800381	CLE vs. WAS	W	1625	1925
1698	0021800385	MIN @ POR	L	2025	2075
1697	0021800386	LAC vs. MIA	L	2200	1900
1692	0021800379	SAC @ IND	L	2050	2125
1687	0021800388	MIL @ TOR	W	2200	2375
1686	0021800387	DET vs. NOP	L	2075	1975
1685	0021800389	NYK vs. CHA	L	1725	1975
1681	0021800390	UTA @ SAS	L	2000	1950
1679	0021800400	GSW vs. MIN	W	2225	2000
1678	0021800394	CHI vs. SAC	L	1625	2025
1677	0021800393	BOS vs. NOP	W	2125	2000
1675	0021800401	LAL vs. MIA	W	2150	1925
1674	0021800395	CLE @ MIL	L	1650	2225
1673	0021800396	OKC vs. UTA	W	2200	1975
1672	0021800391	IND vs. WAS	W	2150	1900
1671	0021800398	DEN vs. MEM	W	2200	2125
1670	0021800392	PHI vs. DET	W	2225	2050
1667	0021800399	LAC @ PHX	W	2175	1550
1662	0021800397	ORL @ DAL	L	1950	2050
1657	0021800402	HOU vs. POR	W	1925	2100
1656	0021800404	LAC vs. TOR	L	2200	2350
1654	0021800403	PHX @ SAS	L	1525	1975
1651	0021800411	OKC @ NOP	L	2225	1975
1650	0021800406	NYK @ CLE	L	1700	1625
1649	0021800409	BOS @ WAS	W	2150	1875
1648	0021800405	DET @ CHA	L	2025	2000
1647	0021800410	POR @ MEM	L	2075	2100
1645	0021800414	SAC vs. MIN	W	2050	1975
1644	0021800407	IND vs. MIL	W	2175	2250
1642	0021800408	PHI vs. BKN	L	2250	1800
1641	0021800412	DAL vs. ATL	W	2075	1650
1638	0021800415	GSW vs. TOR	L	2250	2375
1637	0021800413	MIA @ UTA	L	1900	1950
1629	0021800416	HOU vs. LAL	W	1950	2175
1628	0021800418	CHI @ ORL	L	1600	1925
1626	0021800419	DAL @ PHX	L	2100	1500
1625	0021800417	SAS vs. LAC	W	2000	2175
1621	0021800421	CHA vs. NYK	L	2025	1675
1620	0021800424	PHI vs. IND	L	2225	2200
1619	0021800427	TOR @ POR	L	2400	2050
1618	0021800422	WAS @ BKN	L	1850	1825
1616	0021800425	MIA @ MEM	W	1875	2125
1612	0021800426	OKC @ DEN	L	2200	2225
1611	0021800428	GSW @ SAC	W	2225	2075
1610	0021800420	ATL @ BOS	L	1625	2175
1608	0021800423	MIL @ CLE	W	2225	1650
1603	0021800435	PHX vs. MIN	W	1525	1950
1602	0021800432	MEM vs. HOU	L	2100	1975
1601	0021800429	ORL vs. UTA	W	1950	1975
1599	0021800431	DET vs. BOS	W	2000	2200
1597	0021800433	CHI @ SAS	W	1575	2025
1596	0021800430	LAL @ CHA	W	2150	2000
1594	0021800434	OKC vs. LAC	W	2175	2150
1589	0021800442	DEN vs. TOR	W	2250	2375
1588	0021800437	CLE vs. PHI	L	1625	2200
1587	0021800438	IND vs. NYK	W	2225	1700
1585	0021800439	WAS vs. LAL	W	1825	2175
1584	0021800436	ATL @ BKN	L	1600	1850
1581	0021800441	MIA @ NOP	W	1900	2000
1580	0021800440	DAL vs. SAC	L	2075	2050
1575	0021800450	LAC vs. POR	L	2125	2075
1574	0021800447	CHI @ OKC	L	1600	2200
1573	0021800444	NYK vs. PHX	L	1675	1550
1572	0021800445	UTA @ HOU	L	1950	2000
1571	0021800449	GSW vs. MEM	W	2250	2075
1570	0021800443	DET vs. MIL	L	2025	2250
1569	0021800446	MIN vs. SAC	W	1925	2075
1564	0021800448	PHI @ SAS	L	2225	2000
1559	0021800454	DAL @ DEN	L	2050	2275
1558	0021800451	CLE @ IND	W	1600	2250
1557	0021800452	ATL vs. WAS	W	1575	1850
1554	0021800453	LAL @ BKN	L	2150	1875
1551	0021800466	OKC @ SAC	W	2225	2050
1550	0021800465	POR vs. MEM	W	2100	2050
1549	0021800460	BKN @ CHI	W	1900	1575
1548	0021800458	BOS vs. PHX	L	2175	1575
1547	0021800455	CLE @ CHA	L	1625	1975
1546	0021800457	NYK @ PHI	L	1650	2200
1545	0021800456	ORL vs. SAS	L	1975	2025
1543	0021800459	IND @ TOR	L	2225	2350
1542	0021800461	WAS @ HOU	L	1825	2025
1541	0021800462	NOP @ MIL	L	1975	2275
1540	0021800464	GSW @ UTA	L	2275	1925
1539	0021800463	MIN vs. DET	L	1950	2000
1527	0021800468	DAL @ LAC	L	2025	2100
1525	0021800467	MIA vs. HOU	W	1925	2050
1523	0021800469	DET @ CHA	L	2025	2000
1522	0021800476	UTA @ POR	W	1950	2125
1521	0021800474	ORL @ CHI	L	1950	1550
1520	0021800471	IND @ BKN	W	2200	1925
1519	0021800478	LAL vs. NOP	W	2125	1950
1518	0021800477	MEM @ SAC	L	2025	2025
1516	0021800470	TOR vs. CLE	W	2375	1600
1515	0021800472	ATL @ NYK	W	1600	1625
1514	0021800473	MIL @ BOS	W	2300	2150
1513	0021800475	MIN @ SAS	L	1925	2050
1503	0021800485	OKC @ UTA	W	2250	1975
1502	0021800483	SAS @ HOU	L	2075	2025
1501	0021800479	DEN @ LAC	L	2300	2125
1500	0021800482	MIA vs. MIL	W	1950	2325
1499	0021800484	DAL @ GSW	L	2000	2250
1495	0021800481	PHI vs. TOR	W	2225	2400
1494	0021800480	PHX @ WAS	L	1600	1800
1489	0021800487	WAS @ IND	L	1825	2225
1488	0021800488	CHA @ BOS	L	2025	2125
1487	0021800489	BKN vs. PHX	W	1900	1575
1486	0021800490	CHI @ CLE	W	1575	1575
1485	0021800496	LAL vs. MEM	L	2150	2000
1483	0021800491	ORL vs. MIA	L	1925	1975
1480	0021800492	SAC vs. NOP	W	2050	1925
1479	0021800493	MIN @ OKC	W	1900	2275
1478	0021800494	GSW vs. LAC	W	2275	2150
1475	0021800495	POR vs. DAL	W	2100	1975
1472	0021800486	ATL @ DET	W	1625	2000
1467	0021800501	POR @ UTA	L	2125	1950
1466	0021800498	OKC @ HOU	L	2250	2050
1465	0021800500	GSW vs. LAL	L	2300	2125
1464	0021800497	MIL @ NYK	W	2300	1600
1461	0021800499	PHI @ BOS	L	2250	2150
1457	0021800502	DET vs. WAS	W	1975	1800
1456	0021800504	IND @ ATL	W	2250	1650
1455	0021800511	SAC @ LAC	L	2075	2125
1454	0021800503	PHX @ ORL	W	1550	1900
1453	0021800505	BKN vs. CHA	W	1925	2000
1452	0021800508	MEM vs. CLE	W	2025	1550
1449	0021800507	MIN @ CHI	W	1925	1600
1448	0021800506	TOR @ MIA	W	2375	2000
1447	0021800510	SAS vs. DEN	W	2050	2275
1446	0021800509	DAL vs. NOP	W	1950	1900
1437	0021800516	POR @ GSW	W	2100	2275
1436	0021800515	UTA vs. PHI	L	1975	2225
1435	0021800512	HOU vs. BOS	W	2075	2175
1433	0021800513	MIL vs. NYK	W	2325	1575
1429	0021800514	LAL @ SAC	L	2150	2050
1427	0021800520	CHI @ WAS	W	1575	1775
1426	0021800523	NOP vs. DAL	W	1875	1975
1425	0021800526	LAL vs. LAC	L	2125	2150
1424	0021800524	SAS @ DEN	L	2075	2250
1422	0021800518	IND vs. DET	W	2275	2000
1421	0021800522	MIN vs. ATL	L	1950	1625
1419	0021800525	OKC @ PHX	W	2225	1575
1418	0021800517	CHA vs. BKN	W	1975	1950
1417	0021800519	ORL vs. TOR	W	1875	2400
1415	0021800521	MIA vs. CLE	W	1975	1525
1407	0021800531	BOS @ MEM	W	2150	2050
1406	0021800532	UTA vs. NYK	W	1950	1550
1405	0021800527	BKN @ MIL	L	1925	2350
1404	0021800529	ATL vs. CLE	W	1650	1500
1403	0021800528	NOP vs. HOU	L	1900	2100
1401	0021800535	SAS @ LAC	W	2050	2175
1400	0021800533	PHX vs. DEN	L	1550	2275
1399	0021800534	POR vs. GSW	L	2125	2250
1395	0021800530	CHA @ WAS	L	2000	1750
1389	0021800541	LAL vs. SAC	W	2100	2075
1388	0021800537	MIA vs. MIN	L	2000	1925
1387	0021800539	DAL vs. OKC	W	1950	2250
1386	0021800538	CHI @ TOR	L	1600	2375
1385	0021800540	POR vs. PHI	W	2100	2250
1381	0021800536	DET @ ORL	L	1975	1900
1377	0021800545	BOS @ SAS	L	2175	2075
1376	0021800548	PHX vs. GSW	L	1525	2275
1375	0021800543	ORL @ CHA	L	1925	1975
1374	0021800542	ATL @ IND	L	1675	2300
1373	0021800546	NOP vs. MIN	W	1875	1950
1370	0021800547	DAL @ OKC	L	1975	2225
1368	0021800544	HOU vs. MEM	W	2125	2025
1363	0021800550	DET @ MIL	L	1950	2375
1362	0021800551	NYK @ DEN	L	1525	2300
1361	0021800552	SAC vs. POR	L	2050	2125
1360	0021800549	UTA @ TOR	L	1975	2400
1355	0021800553	PHI @ LAC	W	2225	2150
1353	0021800556	ATL @ WAS	L	1650	1775
1352	0021800554	DAL @ CHA	W	1950	2000
1350	0021800557	BKN vs. NOP	W	1900	1900
1349	0021800559	ORL @ CHI	W	1900	1575
1348	0021800562	LAL vs. OKC	L	2125	2250
1347	0021800555	MIA @ CLE	W	1975	1475
1345	0021800560	MEM vs. DET	L	2000	1925
1344	0021800561	PHI @ PHX	W	2250	1500
1341	0021800558	MIN @ BOS	L	1925	2150
1335	0021800564	DEN @ SAC	W	2325	2025
1333	0021800563	SAS vs. TOR	W	2100	2425
1332	0021800565	GSW vs. HOU	L	2300	2150
1329	0021800575	OKC @ POR	W	2275	2150
1328	0021800574	NYK @ LAL	W	1500	2100
1327	0021800573	PHX vs. LAC	L	1475	2125
1326	0021800569	CHI vs. IND	L	1550	2325
1325	0021800571	MIN vs. ORL	W	1900	1925
1324	0021800567	UTA @ CLE	W	1950	1450
1323	0021800570	MEM vs. BKN	L	1975	1925
1322	0021800572	MIL vs. ATL	W	2400	1625
1321	0021800566	BOS vs. DAL	W	2175	1975
1318	0021800568	WAS @ MIA	L	1800	2000
1309	0021800581	SAS vs. MEM	W	2125	1950
1308	0021800582	POR vs. HOU	W	2125	2175
1307	0021800580	TOR @ MIL	W	2400	2425
1305	0021800579	CLE vs. NOP	L	1425	1875
1303	0021800578	DAL @ PHI	L	1950	2275
1302	0021800583	SAC vs. GSW	L	2000	2275
1301	0021800577	DET vs. UTA	L	1950	1975
1299	0021800576	CHA @ DEN	L	1975	2350
1293	0021800587	MIA @ ATL	L	2025	1600
1292	0021800588	WAS @ OKC	W	1775	2300
1291	0021800586	LAC vs. ORL	W	2150	1900
1290	0021800589	IND @ TOR	L	2350	2425
1289	0021800585	MIN vs. LAL	W	1925	2075
1288	0021800584	CHI vs. BKN	L	1525	1950
1285	0021800590	PHX vs. CHA	L	1450	1950
1279	0021800596	LAL @ DAL	W	2050	1925
1277	0021800594	UTA @ MIL	L	2000	2400
1276	0021800592	BOS vs. BKN	W	2200	1975
1275	0021800598	ORL @ SAC	L	1875	1975
1272	0021800597	POR vs. NYK	W	2150	1525
1271	0021800591	DET vs. SAS	L	1925	2150
1270	0021800595	MEM @ NOP	L	1925	1900
1267	0021800593	HOU vs. DEN	W	2150	2375
1263	0021800606	CHA @ LAC	L	1975	2175
1262	0021800602	ATL @ TOR	L	1625	2450
1260	0021800605	GSW vs. NYK	W	2300	1500
1259	0021800599	CLE vs. IND	L	1400	2325
1258	0021800603	MIN @ OKC	W	1950	2275
1256	0021800600	PHI vs. WAS	W	2300	1800
1254	0021800604	SAC @ PHX	L	2000	1425
1252	0021800601	DEN @ MIA	W	2350	2000
1247	0021800611	MEM vs. SAS	W	1900	2175
1246	0021800616	LAL vs. DET	W	2075	1900
1245	0021800612	NOP vs. CLE	W	1925	1375
1242	0021800610	HOU vs. MIL	L	2175	2425
1241	0021800615	CHI @ POR	L	1500	2175
1239	0021800607	IND @ BOS	L	2350	2225
1236	0021800614	UTA vs. ORL	W	1975	1850
1235	0021800609	ATL @ BKN	L	1600	1950
1234	0021800613	DAL vs. PHX	W	1900	1450
1233	0021800608	WAS vs. PHI	W	1775	2325
1227	0021800619	OKC @ SAS	L	2250	2150
1226	0021800617	BOS @ MIA	L	2250	1975
1225	0021800620	DET @ SAC	L	1875	1975
1221	0021800618	DEN vs. LAC	W	2375	2200
1219	0021800627	UTA vs. LAL	W	2000	2100
1218	0021800621	ATL @ PHI	W	1575	2300
1217	0021800629	CHI @ GSW	L	1475	2325
1216	0021800623	IND @ NYK	W	2325	1475
1215	0021800625	CLE @ HOU	L	1350	2150
1214	0021800628	POR vs. CHA	W	2200	1950
1212	0021800626	MIN vs. DAL	L	1975	1925
1210	0021800624	TOR vs. BKN	W	2475	1975
1205	0021800622	WAS vs. MIL	W	1800	2450
1201	0021800634	SAS @ OKC	L	2175	2225
1200	0021800630	DET @ LAC	W	1850	2175
1199	0021800633	MIN vs. NOP	W	1950	1950
1198	0021800632	BOS @ ORL	L	2225	1825
1196	0021800635	DEN @ PHX	L	2400	1425
1193	0021800631	MIA vs. MEM	W	2000	1925
1192	0021800637	CHI @ UTA	L	1450	2025
1191	0021800636	CHA @ SAC	L	1925	2000
1185	0021800638	PHI @ NYK	W	2275	1450
1184	0021800640	ATL vs. MIL	L	1600	2425
1183	0021800639	TOR @ WAS	W	2500	1825
1182	0021800642	DAL vs. GSW	L	1950	2350
1181	0021800644	CLE @ LAL	W	1325	2075
1180	0021800641	ORL vs. HOU	W	1850	2175
1179	0021800643	POR @ DEN	L	2225	2375
1171	0021800645	BKN vs. BOS	W	1950	2200
1170	0021800650	NOP @ LAC	W	1925	2150
1168	0021800646	HOU vs. MEM	W	2150	1900
1167	0021800649	POR @ SAC	L	2200	2025
1166	0021800648	UTA vs. DET	W	2050	1875
1162	0021800647	SAS vs. CHA	L	2150	1900
1159	0021800653	ATL vs. OKC	W	1575	2250
1157	0021800654	MIA @ MIL	L	2025	2450
1156	0021800651	IND vs. PHX	W	2350	1450
1155	0021800655	GSW @ DEN	W	2375	2400
1153	0021800652	PHI vs. MIN	W	2300	1975
1152	0021800656	LAL vs. CHI	W	2050	1425
1147	0021800664	UTA @ LAC	W	2075	2125
1146	0021800659	BKN @ HOU	W	1975	2175
1145	0021800662	POR vs. CLE	W	2175	1350
1144	0021800661	SAS @ DAL	W	2125	1925
1143	0021800660	MEM vs. MIL	L	1875	2475
1141	0021800663	NOP @ GSW	L	1950	2400
1137	0021800658	TOR @ BOS	L	2525	2175
1135	0021800657	ORL @ DET	L	1875	1850
1131	0021800670	OKC vs. LAL	L	2225	2075
1130	0021800669	CHI @ DEN	L	1400	2375
1129	0021800668	TOR vs. PHX	W	2500	1425
1127	0021800667	PHI @ IND	W	2325	2375
1123	0021800666	SAC @ CHA	L	2050	1925
1122	0021800665	WAS vs. NYK	W	1800	1425
1119	0021800673	BKN @ ORL	W	2000	1850
1118	0021800677	NOP @ POR	L	1925	2200
1117	0021800671	MEM @ BOS	L	1850	2200
1116	0021800674	MIN vs. SAS	L	1950	2150
1115	0021800675	CLE @ UTA	L	1325	2100
1114	0021800672	DET vs. MIA	W	1875	2000
1112	0021800676	LAC vs. GSW	L	2100	2425
1105	0021800682	MIL @ ORL	W	2500	1825
1104	0021800684	TOR vs. MEM	W	2525	1825
1103	0021800680	SAC @ DET	W	2025	1900
1101	0021800681	IND vs. DAL	W	2350	1900
1100	0021800686	LAL @ HOU	L	2100	2150
1099	0021800685	CHI vs. MIA	L	1375	1975
1097	0021800678	OKC @ PHI	W	2200	2350
1095	0021800683	ATL vs. BOS	L	1600	2225
1094	0021800687	CLE @ DEN	L	1300	2400
1090	0021800679	PHX @ CHA	L	1400	1950
1085	0021800688	CHA @ IND	L	1975	2375
1084	0021800690	LAC @ SAS	W	2075	2175
1083	0021800689	PHX @ MIN	L	1375	1925
1079	0021800691	NYK vs. OKC	L	1400	2225
1078	0021800692	CHI @ CLE	W	1350	1275
1077	0021800699	HOU @ PHI	L	2175	2325
1076	0021800697	MEM vs. NOP	L	1800	1900
1075	0021800696	BKN vs. SAC	W	2025	2050
1073	0021800700	POR @ UTA	W	2225	2125
1072	0021800698	MIA @ BOS	L	2000	2250
1070	0021800693	WAS vs. DET	W	1825	1875
1067	0021800701	GSW @ LAL	W	2450	2075
1066	0021800694	DAL @ MIL	L	1875	2525
1064	0021800695	ATL vs. ORL	L	1575	1800
1057	0021800704	LAC @ DAL	L	2100	1850
1056	0021800702	TOR vs. SAC	W	2550	2025
1055	0021800703	POR @ OKC	L	2250	2250
1053	0021800705	MIN @ PHX	W	1950	1350
1049	0021800714	DET @ NOP	W	1850	1925
1048	0021800708	ORL @ BKN	L	1825	2050
1047	0021800713	CHA @ MEM	W	1950	1775
1046	0021800710	NYK vs. HOU	L	1375	2150
1045	0021800709	LAC @ MIA	W	2075	1975
1044	0021800711	SAS @ PHI	L	2150	2350
1040	0021800715	DEN @ UTA	L	2425	2100
1039	0021800706	IND vs. TOR	W	2400	2575
1038	0021800712	CHI vs. ATL	L	1375	1550
1034	0021800707	BOS vs. CLE	W	2275	1250
1029	0021800719	LAL vs. MIN	L	2050	1975
1028	0021800716	GSW @ WAS	W	2475	1850
1027	0021800717	OKC vs. NOP	W	2275	1900
1025	0021800718	POR @ PHX	W	2225	1325
1021	0021800727	CHA @ MIL	L	1975	2550
1020	0021800728	DEN vs. PHX	W	2400	1300
1019	0021800720	ORL vs. WAS	L	1800	1825
1018	0021800721	NYK @ BKN	L	1350	2075
1016	0021800729	UTA vs. MIN	W	2125	2000
1015	0021800725	MEM vs. SAC	L	1750	2000
1014	0021800722	CLE vs. MIA	L	1225	1950
1012	0021800723	CHI vs. LAC	L	1350	2100
1011	0021800726	DET @ DAL	L	1875	1875
1008	0021800724	HOU vs. TOR	W	2175	2550
1001	0021800730	NOP vs. SAS	L	1875	2125
1000	0021800731	MEM vs. IND	W	1725	2425
998	0021800733	DEN vs. PHI	W	2425	2375
997	0021800734	POR vs. ATL	W	2250	1575
993	0021800732	BOS vs. GSW	L	2300	2500
991	0021800741	MIA @ NYK	W	1975	1325
990	0021800740	UTA @ MIN	W	2150	1975
989	0021800735	CHI vs. CLE	L	1325	1200
988	0021800739	TOR @ DAL	W	2525	1900
987	0021800737	HOU vs. ORL	W	2200	1775
986	0021800742	WAS @ SAS	L	1850	2150
981	0021800738	MIL @ OKC	L	2575	2300
980	0021800736	LAC vs. SAC	W	2125	2025
979	0021800743	PHX @ LAL	L	1275	2025
973	0021800744	CHA vs. NYK	W	1950	1300
972	0021800746	BKN @ BOS	L	2100	2275
971	0021800748	LAC vs. ATL	L	2150	1550
968	0021800745	IND vs. GSW	L	2400	2525
967	0021800747	MEM vs. DEN	L	1750	2450
963	0021800749	WAS @ CLE	L	1825	1225
962	0021800755	LAL vs. PHI	L	2050	2350
960	0021800754	PHX @ SAS	L	1250	2175
959	0021800753	HOU vs. NOP	L	2225	1850
958	0021800752	BKN vs. CHI	W	2075	1300
957	0021800750	MIL @ DET	W	2550	1850
955	0021800751	OKC @ ORL	W	2325	1750
949	0021800756	CHA @ BOS	L	1975	2300
948	0021800763	UTA @ POR	L	2175	2275
947	0021800759	WAS vs. IND	W	1800	2375
946	0021800761	NOP vs. DEN	L	1875	2475
945	0021800758	DAL @ NYK	W	1875	1275
943	0021800760	MIN vs. MEM	W	1950	1725
941	0021800762	ATL @ SAC	L	1575	2000
937	0021800757	CHI @ MIA	W	1275	2000
933	0021800766	MIL @ TOR	W	2575	2550
932	0021800768	PHI @ GSW	W	2375	2550
931	0021800769	LAC vs. LAL	L	2125	2025
930	0021800764	DET vs. DAL	W	1825	1900
929	0021800765	IND @ ORL	L	2350	1725
925	0021800767	BKN @ SAS	L	2100	2200
921	0021800771	BOS @ NYK	W	2325	1250
920	0021800772	MIA vs. OKC	L	1975	2350
918	0021800770	MEM @ CHA	L	1700	1950
917	0021800774	DEN vs. HOU	W	2500	2200
915	0021800773	ATL @ UTA	L	1550	2150
911	0021800784	PHX vs. ATL	L	1225	1525
910	0021800783	DEN @ MIN	W	2525	1975
909	0021800781	MIA vs. IND	L	1950	2325
908	0021800775	DET vs. LAC	L	1850	2100
906	0021800776	CHA vs. CHI	W	1975	1300
905	0021800785	SAC vs. PHI	W	2025	2400
904	0021800782	GSW vs. LAL	W	2525	2050
903	0021800786	UTA vs. HOU	L	2175	2175
902	0021800778	MIL @ WAS	W	2600	1825
901	0021800777	BKN @ ORL	L	2075	1750
895	0021800780	CLE vs. DAL	L	1250	1875
894	0021800779	SAS vs. NOP	W	2225	1850
887	0021800787	MEM @ NYK	W	1675	1225
886	0021800788	OKC @ BOS	L	2375	2350
885	0021800789	LAC @ TOR	L	2125	2525
881	0021800790	DET vs. DEN	W	1825	2550
880	0021800791	ATL @ WAS	W	1550	1800
879	0021800792	BKN vs. MIL	L	2050	2625
877	0021800793	NOP vs. IND	L	1825	2350
876	0021800794	PHX vs. HOU	L	1200	2200
873	0021800795	SAC vs. SAS	W	2050	2250
869	0021800796	CHA vs. LAC	L	2000	2100
868	0021800799	DET @ NYK	W	1850	1200
867	0021800798	IND vs. LAL	W	2375	2025
866	0021800802	OKC vs. ORL	W	2350	1775
865	0021800801	MIN @ MEM	L	1950	1700
864	0021800800	PHI vs. TOR	L	2375	2550
862	0021800803	MIA @ POR	W	1925	2300
858	0021800797	CLE vs. BOS	L	1225	2375
853	0021800807	CHA @ DAL	L	1975	1900
851	0021800809	HOU @ SAC	W	2225	2075
850	0021800808	PHX @ UTA	L	1175	2150
849	0021800810	GSW vs. SAS	W	2550	2225
847	0021800806	WAS @ MIL	L	1775	2650
843	0021800805	CHI vs. NOP	L	1275	1800
842	0021800804	BKN vs. DEN	W	2025	2525
839	0021800812	MIN @ ORL	L	1925	1750
838	0021800813	ATL vs. TOR	L	1575	2575
837	0021800816	SAS @ POR	L	2200	2275
835	0021800811	IND vs. LAC	W	2400	2125
834	0021800814	BOS vs. LAL	L	2400	2000
833	0021800815	OKC vs. MEM	W	2375	1725
827	0021800823	NOP vs. MIN	W	1825	1900
826	0021800820	CHI @ BKN	W	1250	2050
825	0021800819	CLE @ WAS	L	1200	1750
824	0021800821	DAL vs. MIL	L	1925	2675
823	0021800817	DET vs. NYK	W	1875	1175
821	0021800818	DEN @ PHI	L	2500	2350
818	0021800822	PHX vs. GSW	L	1150	2575
817	0021800824	MIA @ SAC	L	1950	2050
811	0021800833	MIL vs. ORL	L	2700	1775
810	0021800829	LAC @ BOS	W	2100	2375
808	0021800832	OKC @ HOU	W	2400	2250
807	0021800825	UTA vs. SAS	W	2175	2175
805	0021800828	NYK vs. TOR	L	1150	2600
804	0021800831	NOP @ MEM	L	1850	1700
803	0021800826	CLE @ IND	L	1175	2425
802	0021800827	CHA @ ATL	W	1950	1550
798	0021800830	WAS @ CHI	W	1775	1275
793	0021800834	POR @ DAL	L	2300	1900
792	0021800838	MIA @ GSW	L	1925	2600
791	0021800836	SAC vs. PHX	W	2075	1125
790	0021800835	LAL @ PHI	L	2025	2375
787	0021800837	ORL @ ATL	W	1800	1525
783	0021800847	DEN vs. MIA	W	2475	1900
782	0021800842	BKN @ TOR	L	2025	2625
781	0021800844	DAL @ HOU	L	1925	2225
780	0021800843	CHI vs. MIL	L	1250	2675
779	0021800846	OKC vs. POR	W	2425	2275
776	0021800839	NYK @ CLE	L	1125	1150
774	0021800840	DET vs. WAS	W	1900	1800
770	0021800841	CHA @ IND	L	1975	2450
767	0021800845	LAC @ MIN	L	2125	1875
765	0021800849	PHI vs. BOS	L	2400	2350
764	0021800851	ORL @ NOP	W	1825	1825
763	0021800850	MEM vs. SAS	L	1725	2150
761	0021800852	UTA @ GSW	L	2200	2625
759	0021800848	LAL @ ATL	L	2000	1500
755	0021800860	DEN vs. SAC	W	2500	2100
754	0021800853	CLE vs. BKN	L	1175	2000
753	0021800862	GSW @ POR	L	2650	2250
752	0021800855	DET @ BOS	L	1925	2375
751	0021800861	HOU @ MIN	L	2250	1900
750	0021800863	LAC vs. PHX	W	2100	1100
747	0021800857	WAS @ TOR	L	1775	2650
745	0021800859	MIA @ DAL	W	1875	1900
744	0021800854	IND vs. MIL	L	2475	2700
743	0021800858	CHI vs. MEM	W	1225	1700
740	0021800856	NYK vs. PHI	L	1100	2375
733	0021800866	OKC @ NOP	L	2450	1800
731	0021800865	ATL vs. NYK	L	1525	1075
730	0021800864	CHA @ ORL	L	1950	1850
727	0021800867	PHX @ CLE	L	1075	1150
726	0021800872	HOU @ LAL	L	2225	1975
725	0021800871	SAC @ GSW	L	2075	2625
724	0021800868	MIA @ PHI	L	1900	2400
723	0021800869	BKN vs. POR	L	2025	2275
721	0021800870	BOS @ MIL	L	2400	2725
715	0021800873	CHA vs. WAS	W	1925	1750
714	0021800881	UTA @ OKC	L	2175	2425
713	0021800878	MIN @ NYK	W	1925	1100
712	0021800876	TOR vs. SAS	W	2675	2175
708	0021800875	CHI @ ORL	W	1250	1875
706	0021800874	IND vs. NOP	W	2450	1825
705	0021800880	DAL vs. DEN	L	1875	2525
703	0021800879	LAC @ MEM	W	2125	1675
701	0021800877	DET @ ATL	W	1900	1500
697	0021800884	BKN @ CHA	W	2000	1950
696	0021800882	PHI vs. POR	L	2425	2300
695	0021800887	LAL @ NOP	L	2000	1800
694	0021800886	WAS vs. IND	L	1725	2475
693	0021800892	GSW vs. HOU	L	2650	2200
692	0021800891	MIN @ MIL	L	1950	2750
691	0021800883	ATL vs. PHX	W	1475	1050
690	0021800888	MIA vs. DET	L	1875	1925
689	0021800885	MEM @ CLE	L	1650	1175
685	0021800889	BOS @ CHI	L	2375	1275
684	0021800893	UTA vs. DAL	W	2150	1850
680	0021800890	OKC vs. SAC	L	2450	2050
673	0021800896	NYK vs. SAS	W	1075	2150
672	0021800894	ORL @ TOR	W	1850	2700
671	0021800895	LAC @ DEN	L	2150	2550
667	0021800899	DET vs. IND	W	1950	2500
666	0021800904	MEM vs. LAL	W	1625	1975
665	0021800903	HOU vs. ATL	W	2225	1500
664	0021800897	CHA vs. GSW	L	1925	2625
661	0021800900	BKN vs. SAS	W	2025	2125
660	0021800906	NOP vs. PHI	L	1825	2400
659	0021800907	DAL @ LAC	L	1825	2125
657	0021800901	PHX @ MIA	W	1025	1850
655	0021800905	MIN vs. SAC	W	1925	2075
654	0021800898	CLE vs. POR	L	1200	2325
652	0021800902	CHI vs. MIL	L	1300	2775
645	0021800908	NYK vs. ORL	W	1100	1875
644	0021800910	OKC @ DEN	L	2425	2575
643	0021800909	TOR vs. BOS	W	2675	2350
639	0021800914	WAS @ BKN	W	1700	2050
638	0021800916	MEM vs. CHI	L	1650	1275
637	0021800912	ATL vs. MIN	W	1475	1950
635	0021800913	POR @ BOS	W	2350	2325
633	0021800919	UTA vs. LAC	W	2175	2150
631	0021800915	MIA vs. GSW	W	1825	2650
630	0021800920	SAC vs. MIL	L	2050	2800
629	0021800911	CHA vs. HOU	L	1900	2250
628	0021800921	NOP @ LAL	L	1800	1950
625	0021800918	DAL vs. IND	W	1800	2475
621	0021800917	DET @ SAS	L	1975	2100
617	0021800923	ORL vs. GSW	W	1850	2625
616	0021800927	OKC vs. PHI	L	2400	2425
615	0021800926	DEN vs. UTA	L	2600	2200
612	0021800922	IND vs. MIN	W	2450	1925
610	0021800924	CLE @ NYK	W	1175	1125
607	0021800925	MIA @ HOU	L	1850	2275
605	0021800933	SAC vs. LAC	L	2025	2125
604	0021800932	PHX vs. NOP	L	1050	1775
603	0021800931	BOS vs. WAS	W	2300	1725
602	0021800930	TOR vs. POR	W	2700	2375
601	0021800934	LAL vs. MIL	L	1975	2825
598	0021800929	BKN vs. CHA	L	2025	1875
596	0021800928	ATL vs. CHI	L	1500	1300
591	0021800940	OKC @ SAS	L	2375	2125
590	0021800936	ORL @ IND	W	1875	2475
589	0021800935	DET @ CLE	W	1950	1200
588	0021800942	LAL @ PHX	L	1950	1025
586	0021800941	NOP @ DEN	W	1800	2575
585	0021800943	MIL @ UTA	L	2850	2225
584	0021800939	DAL vs. MEM	L	1825	1625
581	0021800938	PHI vs. GSW	L	2450	2600
577	0021800937	MIA vs. BKN	W	1825	2000
573	0021800945	BOS vs. HOU	L	2325	2300
572	0021800951	OKC vs. MEM	W	2350	1650
571	0021800948	CLE vs. ORL	W	1175	1900
570	0021800944	CHA vs. POR	L	1900	2350
568	0021800947	NYK @ LAC	L	1100	2150
567	0021800946	CHI vs. ATL	L	1325	1475
564	0021800950	WAS vs. MIN	W	1700	1900
563	0021800949	TOR @ DET	L	2725	1975
557	0021800956	UTA vs. NOP	L	2250	1825
556	0021800955	MIL @ PHX	L	2825	1050
554	0021800952	DAL @ BKN	L	1800	1975
552	0021800957	SAC vs. NYK	W	2000	1075
550	0021800958	LAC @ LAL	W	2175	1925
549	0021800953	MIA vs. ATL	W	1850	1500
548	0021800954	DEN @ SAS	L	2550	2150
543	0021800961	TOR vs. HOU	L	2700	2325
542	0021800960	ORL @ PHI	L	1875	2425
540	0021800963	MIN vs. OKC	W	1875	2375
537	0021800962	POR @ MEM	L	2375	1625
536	0021800964	BOS @ GSW	W	2300	2625
533	0021800959	IND vs. CHI	W	2450	1300
531	0021800970	CHI vs. PHI	W	1275	2450
530	0021800968	SAS @ ATL	W	2175	1475
528	0021800969	BKN vs. CLE	W	2000	1200
527	0021800971	UTA @ NOP	W	2225	1850
525	0021800974	DEN @ LAL	W	2525	1900
524	0021800967	WAS vs. DAL	W	1725	1775
523	0021800966	MIN @ DET	L	1900	2000
520	0021800972	PHX vs. NYK	W	1075	1050
518	0021800973	BOS @ SAC	W	2325	2025
515	0021800965	MIA @ CHA	W	1875	1875
511	0021800975	IND @ MIL	L	2475	2800
510	0021800976	OKC @ POR	W	2350	2350
507	0021800981	PHI @ HOU	L	2425	2350
506	0021800985	OKC @ LAC	L	2375	2200
505	0021800984	DEN @ GSW	L	2550	2600
504	0021800983	TOR @ NOP	W	2675	1825
503	0021800979	MIA vs. CLE	W	1900	1175
501	0021800978	ORL vs. DAL	W	1850	1750
499	0021800977	CHA vs. WAS	W	1850	1750
496	0021800980	DET @ CHI	W	2025	1300
494	0021800982	UTA @ MEM	L	2250	1650
489	0021800986	NYK vs. SAC	L	1025	2000
488	0021800988	WAS @ MIN	L	1725	1875
487	0021800989	LAL vs. BOS	L	1875	2350
485	0021800987	BKN @ ATL	W	2025	1450
483	0021800991	POR vs. PHX	W	2325	1100
482	0021800990	CHA @ MIL	L	1875	2825
477	0021800997	HOU @ DAL	W	2375	1725
476	0021801000	PHX @ GSW	W	1075	2625
474	0021800999	SAS vs. MIL	W	2200	2850
472	0021800993	TOR @ MIA	W	2700	1925
471	0021800992	DET vs. CHI	W	2050	1275
469	0021800996	MEM vs. ORL	W	1675	1875
468	0021800995	ATL vs. NOP	W	1425	1800
467	0021800994	PHI vs. IND	W	2400	2450
465	0021800998	NYK @ MIN	L	1000	1900
459	0021801006	BOS @ LAC	L	2375	2225
458	0021801001	CLE vs. TOR	W	1150	2725
457	0021801003	DET @ BKN	L	2075	2050
454	0021801005	OKC @ UTA	W	2350	2225
453	0021801002	SAC @ WAS	L	2025	1700
452	0021801004	CHA @ HOU	L	1850	2400
447	0021801007	NYK @ IND	L	975	2425
446	0021801013	POR @ LAC	W	2350	2250
445	0021801010	MIL @ NOP	W	2825	1775
444	0021801011	SAS @ DAL	W	2225	1700
443	0021801009	LAL @ CHI	W	1850	1250
441	0021801012	MIN @ DEN	L	1925	2525
440	0021801008	PHI vs. CLE	W	2425	1175
433	0021801019	PHX vs. UTA	L	1100	2200
432	0021801017	BKN @ OKC	L	2075	2375
431	0021801016	ATL vs. MEM	W	1450	1700
429	0021801018	GSW @ HOU	W	2600	2425
427	0021801015	WAS vs. ORL	W	1725	1850
426	0021801014	MIA vs. DET	W	1900	2050
421	0021801023	LAL @ TOR	L	1875	2700
420	0021801025	DAL @ DEN	L	1675	2550
419	0021801024	UTA vs. MIN	W	2225	1900
418	0021801022	BOS vs. SAC	W	2350	2000
416	0021801020	OKC @ IND	L	2400	2450
415	0021801021	ORL vs. CLE	W	1825	1150
409	0021801033	LAC vs. CHI	W	2225	1225
408	0021801028	CHA @ WAS	W	1825	1750
407	0021801032	SAS vs. NYK	W	2250	950
406	0021801031	POR @ NOP	W	2375	1750
405	0021801029	MIL @ MIA	W	2850	1925
404	0021801030	HOU vs. PHX	W	2400	1075
401	0021801026	DET vs. LAL	W	2025	1850
397	0021801027	SAC @ PHI	L	1975	2450
393	0021801039	SAS vs. POR	W	2275	2400
392	0021801037	CLE @ DAL	L	1125	1650
391	0021801041	UTA vs. BKN	W	2250	2050
390	0021801038	GSW @ OKC	W	2625	2375
388	0021801036	PHX @ NOP	W	1050	1725
387	0021801034	BOS vs. ATL	W	2375	1475
385	0021801040	IND @ DEN	L	2475	2575
383	0021801035	MEM @ WAS	L	1675	1725
377	0021801049	LAC vs. BKN	W	2250	2025
376	0021801042	NYK vs. LAL	W	925	1825
375	0021801046	ATL @ ORL	L	1450	1850
374	0021801044	TOR @ DET	L	2725	2050
373	0021801048	HOU vs. MIN	W	2425	1875
372	0021801045	CHA @ MIA	L	1850	1900
367	0021801047	SAC vs. CHI	W	1950	1200
364	0021801043	MIL vs. PHI	L	2875	2475
361	0021801052	DEN @ BOS	W	2600	2400
360	0021801053	NYK @ TOR	L	950	2700
358	0021801050	DET @ CLE	L	2075	1100
357	0021801056	NOP @ DAL	W	1700	1675
356	0021801057	CHI @ PHX	W	1175	1075
355	0021801054	MIA @ OKC	W	1925	2350
352	0021801051	UTA @ WAS	W	2275	1750
350	0021801055	GSW @ SAS	L	2650	2300
348	0021801058	POR vs. IND	W	2375	2450
343	0021801059	CHA vs. PHI	L	1825	2500
342	0021801060	HOU @ ATL	W	2450	1425
341	0021801061	MIL vs. LAL	W	2850	1800
339	0021801062	GSW @ MIN	W	2625	1850
338	0021801063	SAC vs. BKN	L	1975	2000
334	0021801064	LAC vs. IND	W	2275	2425
331	0021801066	NOP @ ORL	L	1725	1875
330	0021801070	MEM vs. HOU	W	1650	2475
329	0021801073	POR vs. DAL	W	2400	1650
327	0021801071	SAS vs. MIA	L	2325	1950
326	0021801068	UTA @ NYK	W	2300	925
324	0021801072	OKC vs. TOR	L	2325	2725
323	0021801065	CLE vs. MIL	W	1125	2875
322	0021801067	BOS @ PHI	L	2375	2525
320	0021801069	WAS @ CHI	L	1725	1200
313	0021801074	MIN @ CHA	L	1825	1800
312	0021801075	DEN @ WAS	W	2625	1700
311	0021801076	UTA @ ATL	L	2325	1400
309	0021801079	IND @ GSW	L	2400	2650
308	0021801077	DET @ PHX	W	2050	1050
307	0021801078	DAL @ SAC	L	1625	1950
301	0021801082	DEN @ NYK	W	2650	900
300	0021801083	TOR vs. OKC	L	2750	2300
298	0021801085	MIL vs. MIA	W	2850	1975
297	0021801080	ORL vs. MEM	W	1900	1675
296	0021801086	LAL vs. BKN	L	1775	2025
295	0021801081	LAC @ CLE	W	2300	1150
291	0021801084	SAS @ HOU	L	2300	2450
287	0021801088	ATL vs. PHI	W	1425	2550
286	0021801087	CHA vs. BOS	W	1825	2350
284	0021801090	UTA @ CHI	W	2300	1225
283	0021801089	MIA @ WAS	W	1950	1675
282	0021801091	MIN @ MEM	W	1800	1650
280	0021801092	GSW vs. DAL	L	2675	1600
279	0021801093	DET @ POR	L	2075	2425
277	0021801094	SAC vs. PHX	W	1975	1025
271	0021801096	MIL vs. CLE	W	2875	1125
270	0021801098	TOR vs. CHA	L	2725	1850
269	0021801100	SAS @ BOS	W	2275	2325
268	0021801095	NYK vs. LAC	L	875	2325
267	0021801102	SAC @ LAL	L	2000	1750
265	0021801099	HOU @ NOP	W	2475	1700
264	0021801097	DEN @ IND	L	2675	2375
263	0021801101	GSW vs. DET	W	2650	2050
255	0021801106	POR vs. BKN	W	2450	2050
254	0021801103	ORL vs. PHI	W	1925	2525
253	0021801105	UTA vs. PHX	W	2325	1000
249	0021801104	MEM vs. OKC	W	1625	2325
247	0021801112	LAC @ MIN	W	2350	1825
246	0021801110	CHI @ TOR	L	1200	2700
244	0021801115	DET @ DEN	L	2025	2650
243	0021801111	HOU @ MIL	L	2500	2900
242	0021801116	LAL vs. WAS	W	1775	1650
241	0021801113	NOP vs. ATL	L	1675	1450
240	0021801108	CLE vs. BOS	L	1100	2300
236	0021801114	DAL vs. SAC	L	1625	1975
235	0021801107	CHA vs. SAS	W	1875	2300
234	0021801109	ORL @ MIA	W	1950	1975
227	0021801117	CHI vs. POR	L	1175	2475
226	0021801118	MEM vs. GSW	L	1650	2675
225	0021801119	OKC vs. IND	W	2300	2400
224	0021801120	PHX vs. WAS	L	975	1625
219	0021801121	LAL @ UTA	L	1800	2350
217	0021801126	HOU vs. DEN	W	2475	2675
216	0021801122	DET vs. ORL	W	2000	1975
215	0021801129	CLE @ SAS	L	1075	2275
213	0021801128	NOP vs. SAC	W	1650	2000
212	0021801127	LAC @ MIL	L	2375	2925
211	0021801124	DAL @ MIA	L	1600	1950
207	0021801125	NYK vs. TOR	L	850	2725
206	0021801123	BKN @ PHI	L	2025	2500
201	0021801131	POR @ ATL	W	2500	1475
200	0021801130	IND @ BOS	L	2375	2325
199	0021801134	WAS @ UTA	L	1650	2375
198	0021801132	GSW @ MIN	L	2700	1800
196	0021801135	CHA @ LAL	L	1900	1775
193	0021801133	OKC vs. DEN	L	2325	2650
189	0021801144	MEM @ PHX	W	1625	950
188	0021801141	NYK vs. MIA	L	825	1975
187	0021801140	ORL @ IND	W	1950	2350
186	0021801137	BOS @ BKN	L	2350	2000
184	0021801139	DET vs. POR	W	2025	2525
183	0021801138	SAC @ HOU	L	1975	2500
182	0021801136	CLE @ LAC	L	1050	2350
181	0021801142	TOR @ CHI	W	2750	1150
175	0021801143	PHI @ MIN	W	2525	1825
171	0021801146	OKC vs. DAL	L	2300	1575
170	0021801151	MEM @ LAC	L	1650	2375
169	0021801147	LAL @ NOP	W	1800	1675
167	0021801149	SAC @ SAS	W	1950	2300
166	0021801148	DEN vs. WAS	L	2675	1625
164	0021801145	ATL vs. MIL	W	1450	2950
160	0021801150	CHA @ GSW	L	1875	2675
157	0021801158	PHI @ DAL	L	2550	1600
156	0021801154	BKN vs. MIL	L	2025	2925
155	0021801156	TOR vs. ORL	W	2775	1975
154	0021801160	CLE @ PHX	L	1025	925
153	0021801159	UTA vs. CHA	W	2400	1850
151	0021801157	POR @ MIN	W	2500	1800
150	0021801155	NYK vs. CHI	W	800	1125
145	0021801152	DET @ IND	L	2050	2325
142	0021801153	BOS vs. MIA	W	2325	2000
139	0021801163	SAC vs. HOU	L	1975	2525
138	0021801164	DEN @ GSW	L	2650	2700
137	0021801162	SAS vs. ATL	W	2275	1475
135	0021801161	OKC vs. LAL	W	2275	1825
131	0021801166	ORL vs. NYK	W	1950	825
130	0021801171	NOP vs. CHA	L	1650	1825
129	0021801173	DEN vs. SAS	W	2625	2300
128	0021801168	PHI @ ATL	L	2525	1450
127	0021801169	TOR @ BKN	W	2800	2000
126	0021801174	UTA @ PHX	W	2425	950
125	0021801170	BOS @ MIA	W	2350	1975
124	0021801165	IND @ DET	W	2350	2025
122	0021801176	LAC vs. HOU	L	2400	2550
121	0021801167	WAS vs. CHI	L	1650	1100
117	0021801172	DAL vs. MIN	L	1625	1775
111	0021801175	MEM @ POR	L	1625	2525
107	0021801177	PHI vs. MIL	L	2500	2950
106	0021801178	CLE @ SAC	L	1000	1950
105	0021801179	GSW @ LAL	W	2725	1800
101	0021801180	CHA vs. TOR	W	1850	2825
100	0021801189	NOP @ PHX	L	1625	925
99	0021801182	SAS @ WAS	W	2275	1625
98	0021801185	MIA @ MIN	L	1950	1800
97	0021801187	DAL vs. MEM	L	1600	1600
96	0021801186	OKC vs. DET	W	2300	2000
95	0021801192	LAC vs. LAL	L	2375	1775
94	0021801190	POR @ DEN	L	2550	2650
93	0021801183	BOS @ IND	W	2375	2375
92	0021801188	SAC @ UTA	L	1975	2450
91	0021801191	CLE @ GSW	L	975	2750
90	0021801184	NYK @ HOU	L	800	2575
84	0021801181	ATL @ ORL	L	1475	1975
75	0021801193	MIL vs. BKN	L	2975	1975
74	0021801194	PHI @ CHI	W	2475	1125
71	0021801196	SAS @ CLE	W	2300	950
70	0021801207	NOP @ SAC	W	1600	1950
69	0021801195	TOR vs. MIA	W	2800	1925
68	0021801202	MIL vs. ATL	W	2950	1450
67	0021801201	DAL @ MEM	W	1575	1625
66	0021801206	DEN @ POR	L	2675	2525
64	0021801197	OKC @ MIN	W	2325	1825
63	0021801204	WAS @ NYK	L	1600	775
61	0021801203	ORL @ BOS	W	2000	2400
60	0021801199	IND vs. BKN	L	2350	2000
59	0021801198	DET vs. CHA	L	1975	1875
57	0021801208	LAL vs. UTA	W	1800	2475
56	0021801200	PHX @ HOU	L	950	2600
49	0021801205	LAC @ GSW	L	2350	2775
43	0021801213	NYK @ CHI	W	800	1100
42	0021801211	BOS @ WAS	W	2375	1575
41	0021801212	PHI @ MIA	L	2500	1900
39	0021801210	DET vs. MEM	W	1950	1600
38	0021801209	CLE vs. CHA	L	925	1900
36	0021801216	PHX @ DAL	L	925	1600
35	0021801217	UTA vs. DEN	W	2450	2650
34	0021801214	MIN vs. TOR	L	1800	2825
32	0021801219	POR @ LAL	W	2550	1825
25	0021801218	HOU @ OKC	L	2625	2350
23	0021801215	GSW @ NOP	W	2800	1625
21	0021801224	CHI @ PHI	L	1075	2475
20	0021801229	UTA @ LAC	L	2475	2325
19	0021801230	SAC @ POR	L	1925	2575
17	0021801225	GSW @ MEM	L	2825	1575
16	0021801221	BKN vs. MIA	W	2025	1925
15	0021801227	SAS vs. DAL	W	2325	1625
13	0021801226	OKC @ MIL	W	2375	2975
10	0021801223	NYK vs. DET	L	825	1975
9	0021801222	ORL @ CHA	W	2025	1925
6	0021801228	MIN @ DEN	L	1775	2625
5	0021801220	IND @ ATL	W	2325	1425
